filename,split
d:\experiments\diffusion_models\data\processed\train\n09428293_0.JPEG,train
d:\experiments\diffusion_models\data\processed\train\n09428293_1.JPEG,train
d:\experiments\diffusion_models\data\processed\train\n09428293_10.JPEG,train
d:\experiments\diffusion_models\data\processed\train\n09428293_100.JPEG,train
d:\experiments\diffusion_models\data\processed\train\n09428293_101.JPEG,train
d:\experiments\diffusion_models\data\processed\train\n09428293_102.JPEG,train
d:\experiments\diffusion_models\data\processed\train\n09428293_103.JPEG,train
d:\experiments\diffusion_models\data\processed\train\n09428293_104.JPEG,train
d:\experiments\diffusion_models\data\processed\train\n09428293_105.JPEG,train
d:\experiments\diffusion_models\data\processed\train\n09428293_106.JPEG,train
d:\experiments\diffusion_models\data\processed\train\n09428293_107.JPEG,train
d:\experiments\diffusion_models\data\processed\train\n09428293_108.JPEG,train
d:\experiments\diffusion_models\data\processed\train\n09428293_109.JPEG,train
d:\experiments\diffusion_models\data\processed\train\n09428293_11.JPEG,train
d:\experiments\diffusion_models\data\processed\train\n09428293_110.JPEG,train
d:\experiments\diffusion_models\data\processed\train\n09428293_111.JPEG,train
d:\experiments\diffusion_models\data\processed\train\n09428293_112.JPEG,train
d:\experiments\diffusion_models\data\processed\train\n09428293_113.JPEG,train
d:\experiments\diffusion_models\data\processed\train\n09428293_114.JPEG,train
d:\experiments\diffusion_models\data\processed\train\n09428293_115.JPEG,train
d:\experiments\diffusion_models\data\processed\train\n09428293_116.JPEG,train
d:\experiments\diffusion_models\data\processed\train\n09428293_117.JPEG,train
d:\experiments\diffusion_models\data\processed\train\n09428293_118.JPEG,train
d:\experiments\diffusion_models\data\processed\train\n09428293_119.JPEG,train
d:\experiments\diffusion_models\data\processed\train\n09428293_12.JPEG,train
d:\experiments\diffusion_models\data\processed\train\n09428293_120.JPEG,train
d:\experiments\diffusion_models\data\processed\train\n09428293_121.JPEG,train
d:\experiments\diffusion_models\data\processed\train\n09428293_122.JPEG,train
d:\experiments\diffusion_models\data\processed\train\n09428293_123.JPEG,train
d:\experiments\diffusion_models\data\processed\train\n09428293_124.JPEG,train
d:\experiments\diffusion_models\data\processed\train\n09428293_125.JPEG,train
d:\experiments\diffusion_models\data\processed\train\n09428293_126.JPEG,train
d:\experiments\diffusion_models\data\processed\train\n09428293_127.JPEG,train
d:\experiments\diffusion_models\data\processed\train\n09428293_128.JPEG,train
d:\experiments\diffusion_models\data\processed\train\n09428293_129.JPEG,train
d:\experiments\diffusion_models\data\processed\train\n09428293_13.JPEG,train
d:\experiments\diffusion_models\data\processed\train\n09428293_130.JPEG,train
d:\experiments\diffusion_models\data\processed\train\n09428293_131.JPEG,train
d:\experiments\diffusion_models\data\processed\train\n09428293_132.JPEG,train
d:\experiments\diffusion_models\data\processed\train\n09428293_133.JPEG,train
d:\experiments\diffusion_models\data\processed\train\n09428293_134.JPEG,train
d:\experiments\diffusion_models\data\processed\train\n09428293_135.JPEG,train
d:\experiments\diffusion_models\data\processed\train\n09428293_136.JPEG,train
d:\experiments\diffusion_models\data\processed\train\n09428293_137.JPEG,train
d:\experiments\diffusion_models\data\processed\train\n09428293_138.JPEG,train
d:\experiments\diffusion_models\data\processed\train\n09428293_139.JPEG,train
d:\experiments\diffusion_models\data\processed\train\n09428293_14.JPEG,train
d:\experiments\diffusion_models\data\processed\train\n09428293_140.JPEG,train
d:\experiments\diffusion_models\data\processed\train\n09428293_141.JPEG,train
d:\experiments\diffusion_models\data\processed\train\n09428293_142.JPEG,train
d:\experiments\diffusion_models\data\processed\train\n09428293_143.JPEG,train
d:\experiments\diffusion_models\data\processed\train\n09428293_144.JPEG,train
d:\experiments\diffusion_models\data\processed\train\n09428293_145.JPEG,train
d:\experiments\diffusion_models\data\processed\train\n09428293_146.JPEG,train
d:\experiments\diffusion_models\data\processed\train\n09428293_147.JPEG,train
d:\experiments\diffusion_models\data\processed\train\n09428293_148.JPEG,train
d:\experiments\diffusion_models\data\processed\train\n09428293_149.JPEG,train
d:\experiments\diffusion_models\data\processed\train\n09428293_15.JPEG,train
d:\experiments\diffusion_models\data\processed\train\n09428293_150.JPEG,train
d:\experiments\diffusion_models\data\processed\train\n09428293_151.JPEG,train
d:\experiments\diffusion_models\data\processed\train\n09428293_152.JPEG,train
d:\experiments\diffusion_models\data\processed\train\n09428293_153.JPEG,train
d:\experiments\diffusion_models\data\processed\train\n09428293_154.JPEG,train
d:\experiments\diffusion_models\data\processed\train\n09428293_155.JPEG,train
d:\experiments\diffusion_models\data\processed\train\n09428293_156.JPEG,train
d:\experiments\diffusion_models\data\processed\train\n09428293_157.JPEG,train
d:\experiments\diffusion_models\data\processed\train\n09428293_158.JPEG,train
d:\experiments\diffusion_models\data\processed\train\n09428293_159.JPEG,train
d:\experiments\diffusion_models\data\processed\train\n09428293_16.JPEG,train
d:\experiments\diffusion_models\data\processed\train\n09428293_160.JPEG,train
d:\experiments\diffusion_models\data\processed\train\n09428293_161.JPEG,train
d:\experiments\diffusion_models\data\processed\train\n09428293_162.JPEG,train
d:\experiments\diffusion_models\data\processed\train\n09428293_163.JPEG,train
d:\experiments\diffusion_models\data\processed\train\n09428293_164.JPEG,train
d:\experiments\diffusion_models\data\processed\train\n09428293_165.JPEG,train
d:\experiments\diffusion_models\data\processed\train\n09428293_166.JPEG,train
d:\experiments\diffusion_models\data\processed\train\n09428293_167.JPEG,train
d:\experiments\diffusion_models\data\processed\train\n09428293_168.JPEG,train
d:\experiments\diffusion_models\data\processed\train\n09428293_169.JPEG,train
d:\experiments\diffusion_models\data\processed\train\n09428293_17.JPEG,train
d:\experiments\diffusion_models\data\processed\train\n09428293_170.JPEG,train
d:\experiments\diffusion_models\data\processed\train\n09428293_171.JPEG,train
d:\experiments\diffusion_models\data\processed\train\n09428293_172.JPEG,train
d:\experiments\diffusion_models\data\processed\train\n09428293_173.JPEG,train
d:\experiments\diffusion_models\data\processed\train\n09428293_174.JPEG,train
d:\experiments\diffusion_models\data\processed\train\n09428293_175.JPEG,train
d:\experiments\diffusion_models\data\processed\train\n09428293_176.JPEG,train
d:\experiments\diffusion_models\data\processed\train\n09428293_177.JPEG,train
d:\experiments\diffusion_models\data\processed\train\n09428293_178.JPEG,train
d:\experiments\diffusion_models\data\processed\train\n09428293_179.JPEG,train
d:\experiments\diffusion_models\data\processed\train\n09428293_18.JPEG,train
d:\experiments\diffusion_models\data\processed\train\n09428293_180.JPEG,train
d:\experiments\diffusion_models\data\processed\train\n09428293_181.JPEG,train
d:\experiments\diffusion_models\data\processed\train\n09428293_182.JPEG,train
d:\experiments\diffusion_models\data\processed\train\n09428293_183.JPEG,train
d:\experiments\diffusion_models\data\processed\train\n09428293_184.JPEG,train
d:\experiments\diffusion_models\data\processed\train\n09428293_185.JPEG,train
d:\experiments\diffusion_models\data\processed\train\n09428293_186.JPEG,train
d:\experiments\diffusion_models\data\processed\train\n09428293_187.JPEG,train
d:\experiments\diffusion_models\data\processed\train\n09428293_188.JPEG,train
d:\experiments\diffusion_models\data\processed\train\n09428293_189.JPEG,train
d:\experiments\diffusion_models\data\processed\train\n09428293_19.JPEG,train
d:\experiments\diffusion_models\data\processed\train\n09428293_190.JPEG,train
d:\experiments\diffusion_models\data\processed\train\n09428293_191.JPEG,train
d:\experiments\diffusion_models\data\processed\train\n09428293_192.JPEG,train
d:\experiments\diffusion_models\data\processed\train\n09428293_193.JPEG,train
d:\experiments\diffusion_models\data\processed\train\n09428293_194.JPEG,train
d:\experiments\diffusion_models\data\processed\train\n09428293_195.JPEG,train
d:\experiments\diffusion_models\data\processed\train\n09428293_196.JPEG,train
d:\experiments\diffusion_models\data\processed\train\n09428293_197.JPEG,train
d:\experiments\diffusion_models\data\processed\train\n09428293_198.JPEG,train
d:\experiments\diffusion_models\data\processed\train\n09428293_199.JPEG,train
d:\experiments\diffusion_models\data\processed\train\n09428293_2.JPEG,train
d:\experiments\diffusion_models\data\processed\train\n09428293_20.JPEG,train
d:\experiments\diffusion_models\data\processed\train\n09428293_200.JPEG,train
d:\experiments\diffusion_models\data\processed\train\n09428293_201.JPEG,train
d:\experiments\diffusion_models\data\processed\train\n09428293_202.JPEG,train
d:\experiments\diffusion_models\data\processed\train\n09428293_203.JPEG,train
d:\experiments\diffusion_models\data\processed\train\n09428293_204.JPEG,train
d:\experiments\diffusion_models\data\processed\train\n09428293_205.JPEG,train
d:\experiments\diffusion_models\data\processed\train\n09428293_206.JPEG,train
d:\experiments\diffusion_models\data\processed\train\n09428293_207.JPEG,train
d:\experiments\diffusion_models\data\processed\train\n09428293_208.JPEG,train
d:\experiments\diffusion_models\data\processed\train\n09428293_209.JPEG,train
d:\experiments\diffusion_models\data\processed\train\n09428293_21.JPEG,train
d:\experiments\diffusion_models\data\processed\train\n09428293_210.JPEG,train
d:\experiments\diffusion_models\data\processed\train\n09428293_211.JPEG,train
d:\experiments\diffusion_models\data\processed\train\n09428293_212.JPEG,train
d:\experiments\diffusion_models\data\processed\train\n09428293_213.JPEG,train
d:\experiments\diffusion_models\data\processed\train\n09428293_214.JPEG,train
d:\experiments\diffusion_models\data\processed\train\n09428293_215.JPEG,train
d:\experiments\diffusion_models\data\processed\train\n09428293_216.JPEG,train
d:\experiments\diffusion_models\data\processed\train\n09428293_217.JPEG,train
d:\experiments\diffusion_models\data\processed\train\n09428293_218.JPEG,train
d:\experiments\diffusion_models\data\processed\train\n09428293_219.JPEG,train
d:\experiments\diffusion_models\data\processed\train\n09428293_22.JPEG,train
d:\experiments\diffusion_models\data\processed\train\n09428293_220.JPEG,train
d:\experiments\diffusion_models\data\processed\train\n09428293_221.JPEG,train
d:\experiments\diffusion_models\data\processed\train\n09428293_222.JPEG,train
d:\experiments\diffusion_models\data\processed\train\n09428293_223.JPEG,train
d:\experiments\diffusion_models\data\processed\train\n09428293_224.JPEG,train
d:\experiments\diffusion_models\data\processed\train\n09428293_225.JPEG,train
d:\experiments\diffusion_models\data\processed\train\n09428293_226.JPEG,train
d:\experiments\diffusion_models\data\processed\train\n09428293_227.JPEG,train
d:\experiments\diffusion_models\data\processed\train\n09428293_228.JPEG,train
d:\experiments\diffusion_models\data\processed\train\n09428293_229.JPEG,train
d:\experiments\diffusion_models\data\processed\train\n09428293_23.JPEG,train
d:\experiments\diffusion_models\data\processed\train\n09428293_230.JPEG,train
d:\experiments\diffusion_models\data\processed\train\n09428293_231.JPEG,train
d:\experiments\diffusion_models\data\processed\train\n09428293_232.JPEG,train
d:\experiments\diffusion_models\data\processed\train\n09428293_233.JPEG,train
d:\experiments\diffusion_models\data\processed\train\n09428293_234.JPEG,train
d:\experiments\diffusion_models\data\processed\train\n09428293_235.JPEG,train
d:\experiments\diffusion_models\data\processed\train\n09428293_236.JPEG,train
d:\experiments\diffusion_models\data\processed\train\n09428293_237.JPEG,train
d:\experiments\diffusion_models\data\processed\train\n09428293_238.JPEG,train
d:\experiments\diffusion_models\data\processed\train\n09428293_239.JPEG,train
d:\experiments\diffusion_models\data\processed\train\n09428293_24.JPEG,train
d:\experiments\diffusion_models\data\processed\train\n09428293_240.JPEG,train
d:\experiments\diffusion_models\data\processed\train\n09428293_241.JPEG,train
d:\experiments\diffusion_models\data\processed\train\n09428293_242.JPEG,train
d:\experiments\diffusion_models\data\processed\train\n09428293_243.JPEG,train
d:\experiments\diffusion_models\data\processed\train\n09428293_244.JPEG,train
d:\experiments\diffusion_models\data\processed\train\n09428293_245.JPEG,train
d:\experiments\diffusion_models\data\processed\train\n09428293_246.JPEG,train
d:\experiments\diffusion_models\data\processed\train\n09428293_247.JPEG,train
d:\experiments\diffusion_models\data\processed\train\n09428293_248.JPEG,train
d:\experiments\diffusion_models\data\processed\train\n09428293_249.JPEG,train
d:\experiments\diffusion_models\data\processed\train\n09428293_25.JPEG,train
d:\experiments\diffusion_models\data\processed\train\n09428293_250.JPEG,train
d:\experiments\diffusion_models\data\processed\train\n09428293_251.JPEG,train
d:\experiments\diffusion_models\data\processed\train\n09428293_252.JPEG,train
d:\experiments\diffusion_models\data\processed\train\n09428293_253.JPEG,train
d:\experiments\diffusion_models\data\processed\train\n09428293_254.JPEG,train
d:\experiments\diffusion_models\data\processed\train\n09428293_255.JPEG,train
d:\experiments\diffusion_models\data\processed\train\n09428293_256.JPEG,train
d:\experiments\diffusion_models\data\processed\train\n09428293_257.JPEG,train
d:\experiments\diffusion_models\data\processed\train\n09428293_258.JPEG,train
d:\experiments\diffusion_models\data\processed\train\n09428293_259.JPEG,train
d:\experiments\diffusion_models\data\processed\train\n09428293_26.JPEG,train
d:\experiments\diffusion_models\data\processed\train\n09428293_260.JPEG,train
d:\experiments\diffusion_models\data\processed\train\n09428293_261.JPEG,train
d:\experiments\diffusion_models\data\processed\train\n09428293_262.JPEG,train
d:\experiments\diffusion_models\data\processed\train\n09428293_263.JPEG,train
d:\experiments\diffusion_models\data\processed\train\n09428293_264.JPEG,train
d:\experiments\diffusion_models\data\processed\train\n09428293_265.JPEG,train
d:\experiments\diffusion_models\data\processed\train\n09428293_266.JPEG,train
d:\experiments\diffusion_models\data\processed\train\n09428293_267.JPEG,train
d:\experiments\diffusion_models\data\processed\train\n09428293_268.JPEG,train
d:\experiments\diffusion_models\data\processed\train\n09428293_269.JPEG,train
d:\experiments\diffusion_models\data\processed\train\n09428293_27.JPEG,train
d:\experiments\diffusion_models\data\processed\train\n09428293_270.JPEG,train
d:\experiments\diffusion_models\data\processed\train\n09428293_271.JPEG,train
d:\experiments\diffusion_models\data\processed\train\n09428293_272.JPEG,train
d:\experiments\diffusion_models\data\processed\train\n09428293_273.JPEG,train
d:\experiments\diffusion_models\data\processed\train\n09428293_274.JPEG,train
d:\experiments\diffusion_models\data\processed\train\n09428293_275.JPEG,train
d:\experiments\diffusion_models\data\processed\train\n09428293_276.JPEG,train
d:\experiments\diffusion_models\data\processed\train\n09428293_277.JPEG,train
d:\experiments\diffusion_models\data\processed\train\n09428293_278.JPEG,train
d:\experiments\diffusion_models\data\processed\train\n09428293_279.JPEG,train
d:\experiments\diffusion_models\data\processed\train\n09428293_28.JPEG,train
d:\experiments\diffusion_models\data\processed\train\n09428293_280.JPEG,train
d:\experiments\diffusion_models\data\processed\train\n09428293_281.JPEG,train
d:\experiments\diffusion_models\data\processed\train\n09428293_282.JPEG,train
d:\experiments\diffusion_models\data\processed\train\n09428293_283.JPEG,train
d:\experiments\diffusion_models\data\processed\train\n09428293_284.JPEG,train
d:\experiments\diffusion_models\data\processed\train\n09428293_285.JPEG,train
d:\experiments\diffusion_models\data\processed\train\n09428293_286.JPEG,train
d:\experiments\diffusion_models\data\processed\train\n09428293_287.JPEG,train
d:\experiments\diffusion_models\data\processed\train\n09428293_288.JPEG,train
d:\experiments\diffusion_models\data\processed\train\n09428293_289.JPEG,train
d:\experiments\diffusion_models\data\processed\train\n09428293_29.JPEG,train
d:\experiments\diffusion_models\data\processed\train\n09428293_290.JPEG,train
d:\experiments\diffusion_models\data\processed\train\n09428293_291.JPEG,train
d:\experiments\diffusion_models\data\processed\train\n09428293_292.JPEG,train
d:\experiments\diffusion_models\data\processed\train\n09428293_293.JPEG,train
d:\experiments\diffusion_models\data\processed\train\n09428293_294.JPEG,train
d:\experiments\diffusion_models\data\processed\train\n09428293_295.JPEG,train
d:\experiments\diffusion_models\data\processed\train\n09428293_296.JPEG,train
d:\experiments\diffusion_models\data\processed\train\n09428293_297.JPEG,train
d:\experiments\diffusion_models\data\processed\train\n09428293_298.JPEG,train
d:\experiments\diffusion_models\data\processed\train\n09428293_299.JPEG,train
d:\experiments\diffusion_models\data\processed\train\n09428293_3.JPEG,train
d:\experiments\diffusion_models\data\processed\train\n09428293_30.JPEG,train
d:\experiments\diffusion_models\data\processed\train\n09428293_300.JPEG,train
d:\experiments\diffusion_models\data\processed\train\n09428293_301.JPEG,train
d:\experiments\diffusion_models\data\processed\train\n09428293_302.JPEG,train
d:\experiments\diffusion_models\data\processed\train\n09428293_303.JPEG,train
d:\experiments\diffusion_models\data\processed\train\n09428293_304.JPEG,train
d:\experiments\diffusion_models\data\processed\train\n09428293_305.JPEG,train
d:\experiments\diffusion_models\data\processed\train\n09428293_306.JPEG,train
d:\experiments\diffusion_models\data\processed\train\n09428293_307.JPEG,train
d:\experiments\diffusion_models\data\processed\train\n09428293_308.JPEG,train
d:\experiments\diffusion_models\data\processed\train\n09428293_309.JPEG,train
d:\experiments\diffusion_models\data\processed\train\n09428293_31.JPEG,train
d:\experiments\diffusion_models\data\processed\train\n09428293_310.JPEG,train
d:\experiments\diffusion_models\data\processed\train\n09428293_311.JPEG,train
d:\experiments\diffusion_models\data\processed\train\n09428293_312.JPEG,train
d:\experiments\diffusion_models\data\processed\train\n09428293_313.JPEG,train
d:\experiments\diffusion_models\data\processed\train\n09428293_314.JPEG,train
d:\experiments\diffusion_models\data\processed\train\n09428293_315.JPEG,train
d:\experiments\diffusion_models\data\processed\train\n09428293_316.JPEG,train
d:\experiments\diffusion_models\data\processed\train\n09428293_317.JPEG,train
d:\experiments\diffusion_models\data\processed\train\n09428293_318.JPEG,train
d:\experiments\diffusion_models\data\processed\train\n09428293_319.JPEG,train
d:\experiments\diffusion_models\data\processed\train\n09428293_32.JPEG,train
d:\experiments\diffusion_models\data\processed\train\n09428293_320.JPEG,train
d:\experiments\diffusion_models\data\processed\train\n09428293_321.JPEG,train
d:\experiments\diffusion_models\data\processed\train\n09428293_322.JPEG,train
d:\experiments\diffusion_models\data\processed\train\n09428293_323.JPEG,train
d:\experiments\diffusion_models\data\processed\train\n09428293_324.JPEG,train
d:\experiments\diffusion_models\data\processed\train\n09428293_325.JPEG,train
d:\experiments\diffusion_models\data\processed\train\n09428293_326.JPEG,train
d:\experiments\diffusion_models\data\processed\train\n09428293_327.JPEG,train
d:\experiments\diffusion_models\data\processed\train\n09428293_328.JPEG,train
d:\experiments\diffusion_models\data\processed\train\n09428293_329.JPEG,train
d:\experiments\diffusion_models\data\processed\train\n09428293_33.JPEG,train
d:\experiments\diffusion_models\data\processed\train\n09428293_330.JPEG,train
d:\experiments\diffusion_models\data\processed\train\n09428293_331.JPEG,train
d:\experiments\diffusion_models\data\processed\train\n09428293_332.JPEG,train
d:\experiments\diffusion_models\data\processed\train\n09428293_333.JPEG,train
d:\experiments\diffusion_models\data\processed\train\n09428293_334.JPEG,train
d:\experiments\diffusion_models\data\processed\train\n09428293_335.JPEG,train
d:\experiments\diffusion_models\data\processed\train\n09428293_336.JPEG,train
d:\experiments\diffusion_models\data\processed\train\n09428293_337.JPEG,train
d:\experiments\diffusion_models\data\processed\train\n09428293_338.JPEG,train
d:\experiments\diffusion_models\data\processed\train\n09428293_339.JPEG,train
d:\experiments\diffusion_models\data\processed\train\n09428293_34.JPEG,train
d:\experiments\diffusion_models\data\processed\train\n09428293_340.JPEG,train
d:\experiments\diffusion_models\data\processed\train\n09428293_341.JPEG,train
d:\experiments\diffusion_models\data\processed\train\n09428293_342.JPEG,train
d:\experiments\diffusion_models\data\processed\train\n09428293_343.JPEG,train
d:\experiments\diffusion_models\data\processed\train\n09428293_344.JPEG,train
d:\experiments\diffusion_models\data\processed\train\n09428293_345.JPEG,train
d:\experiments\diffusion_models\data\processed\train\n09428293_346.JPEG,train
d:\experiments\diffusion_models\data\processed\train\n09428293_347.JPEG,train
d:\experiments\diffusion_models\data\processed\train\n09428293_348.JPEG,train
d:\experiments\diffusion_models\data\processed\train\n09428293_349.JPEG,train
d:\experiments\diffusion_models\data\processed\train\n09428293_35.JPEG,train
d:\experiments\diffusion_models\data\processed\train\n09428293_350.JPEG,train
d:\experiments\diffusion_models\data\processed\train\n09428293_351.JPEG,train
d:\experiments\diffusion_models\data\processed\train\n09428293_352.JPEG,train
d:\experiments\diffusion_models\data\processed\train\n09428293_353.JPEG,train
d:\experiments\diffusion_models\data\processed\train\n09428293_354.JPEG,train
d:\experiments\diffusion_models\data\processed\train\n09428293_355.JPEG,train
d:\experiments\diffusion_models\data\processed\train\n09428293_356.JPEG,train
d:\experiments\diffusion_models\data\processed\train\n09428293_357.JPEG,train
d:\experiments\diffusion_models\data\processed\train\n09428293_358.JPEG,train
d:\experiments\diffusion_models\data\processed\train\n09428293_359.JPEG,train
d:\experiments\diffusion_models\data\processed\train\n09428293_36.JPEG,train
d:\experiments\diffusion_models\data\processed\train\n09428293_360.JPEG,train
d:\experiments\diffusion_models\data\processed\train\n09428293_361.JPEG,train
d:\experiments\diffusion_models\data\processed\train\n09428293_362.JPEG,train
d:\experiments\diffusion_models\data\processed\train\n09428293_363.JPEG,train
d:\experiments\diffusion_models\data\processed\train\n09428293_364.JPEG,train
d:\experiments\diffusion_models\data\processed\train\n09428293_365.JPEG,train
d:\experiments\diffusion_models\data\processed\train\n09428293_366.JPEG,train
d:\experiments\diffusion_models\data\processed\train\n09428293_367.JPEG,train
d:\experiments\diffusion_models\data\processed\train\n09428293_368.JPEG,train
d:\experiments\diffusion_models\data\processed\train\n09428293_369.JPEG,train
d:\experiments\diffusion_models\data\processed\train\n09428293_37.JPEG,train
d:\experiments\diffusion_models\data\processed\train\n09428293_370.JPEG,train
d:\experiments\diffusion_models\data\processed\train\n09428293_371.JPEG,train
d:\experiments\diffusion_models\data\processed\train\n09428293_372.JPEG,train
d:\experiments\diffusion_models\data\processed\train\n09428293_373.JPEG,train
d:\experiments\diffusion_models\data\processed\train\n09428293_374.JPEG,train
d:\experiments\diffusion_models\data\processed\train\n09428293_375.JPEG,train
d:\experiments\diffusion_models\data\processed\train\n09428293_376.JPEG,train
d:\experiments\diffusion_models\data\processed\train\n09428293_377.JPEG,train
d:\experiments\diffusion_models\data\processed\train\n09428293_378.JPEG,train
d:\experiments\diffusion_models\data\processed\train\n09428293_379.JPEG,train
d:\experiments\diffusion_models\data\processed\train\n09428293_38.JPEG,train
d:\experiments\diffusion_models\data\processed\train\n09428293_380.JPEG,train
d:\experiments\diffusion_models\data\processed\train\n09428293_381.JPEG,train
d:\experiments\diffusion_models\data\processed\train\n09428293_382.JPEG,train
d:\experiments\diffusion_models\data\processed\train\n09428293_383.JPEG,train
d:\experiments\diffusion_models\data\processed\train\n09428293_384.JPEG,train
d:\experiments\diffusion_models\data\processed\train\n09428293_385.JPEG,train
d:\experiments\diffusion_models\data\processed\train\n09428293_386.JPEG,train
d:\experiments\diffusion_models\data\processed\train\n09428293_387.JPEG,train
d:\experiments\diffusion_models\data\processed\train\n09428293_388.JPEG,train
d:\experiments\diffusion_models\data\processed\train\n09428293_389.JPEG,train
d:\experiments\diffusion_models\data\processed\train\n09428293_39.JPEG,train
d:\experiments\diffusion_models\data\processed\train\n09428293_390.JPEG,train
d:\experiments\diffusion_models\data\processed\train\n09428293_391.JPEG,train
d:\experiments\diffusion_models\data\processed\train\n09428293_392.JPEG,train
d:\experiments\diffusion_models\data\processed\train\n09428293_393.JPEG,train
d:\experiments\diffusion_models\data\processed\train\n09428293_394.JPEG,train
d:\experiments\diffusion_models\data\processed\train\n09428293_395.JPEG,train
d:\experiments\diffusion_models\data\processed\train\n09428293_396.JPEG,train
d:\experiments\diffusion_models\data\processed\train\n09428293_397.JPEG,train
d:\experiments\diffusion_models\data\processed\train\n09428293_398.JPEG,train
d:\experiments\diffusion_models\data\processed\train\n09428293_399.JPEG,train
d:\experiments\diffusion_models\data\processed\train\n09428293_4.JPEG,train
d:\experiments\diffusion_models\data\processed\train\n09428293_40.JPEG,train
d:\experiments\diffusion_models\data\processed\train\n09428293_400.JPEG,train
d:\experiments\diffusion_models\data\processed\train\n09428293_401.JPEG,train
d:\experiments\diffusion_models\data\processed\train\n09428293_402.JPEG,train
d:\experiments\diffusion_models\data\processed\train\n09428293_403.JPEG,train
d:\experiments\diffusion_models\data\processed\train\n09428293_404.JPEG,train
d:\experiments\diffusion_models\data\processed\train\n09428293_405.JPEG,train
d:\experiments\diffusion_models\data\processed\train\n09428293_406.JPEG,train
d:\experiments\diffusion_models\data\processed\train\n09428293_407.JPEG,train
d:\experiments\diffusion_models\data\processed\train\n09428293_408.JPEG,train
d:\experiments\diffusion_models\data\processed\train\n09428293_409.JPEG,train
d:\experiments\diffusion_models\data\processed\train\n09428293_41.JPEG,train
d:\experiments\diffusion_models\data\processed\train\n09428293_410.JPEG,train
d:\experiments\diffusion_models\data\processed\train\n09428293_411.JPEG,train
d:\experiments\diffusion_models\data\processed\train\n09428293_412.JPEG,train
d:\experiments\diffusion_models\data\processed\train\n09428293_413.JPEG,train
d:\experiments\diffusion_models\data\processed\train\n09428293_414.JPEG,train
d:\experiments\diffusion_models\data\processed\train\n09428293_415.JPEG,train
d:\experiments\diffusion_models\data\processed\train\n09428293_416.JPEG,train
d:\experiments\diffusion_models\data\processed\train\n09428293_417.JPEG,train
d:\experiments\diffusion_models\data\processed\train\n09428293_418.JPEG,train
d:\experiments\diffusion_models\data\processed\train\n09428293_419.JPEG,train
d:\experiments\diffusion_models\data\processed\train\n09428293_42.JPEG,train
d:\experiments\diffusion_models\data\processed\train\n09428293_420.JPEG,train
d:\experiments\diffusion_models\data\processed\train\n09428293_421.JPEG,train
d:\experiments\diffusion_models\data\processed\train\n09428293_422.JPEG,train
d:\experiments\diffusion_models\data\processed\train\n09428293_423.JPEG,train
d:\experiments\diffusion_models\data\processed\train\n09428293_424.JPEG,train
d:\experiments\diffusion_models\data\processed\train\n09428293_425.JPEG,train
d:\experiments\diffusion_models\data\processed\train\n09428293_426.JPEG,train
d:\experiments\diffusion_models\data\processed\train\n09428293_427.JPEG,train
d:\experiments\diffusion_models\data\processed\train\n09428293_428.JPEG,train
d:\experiments\diffusion_models\data\processed\train\n09428293_429.JPEG,train
d:\experiments\diffusion_models\data\processed\train\n09428293_43.JPEG,train
d:\experiments\diffusion_models\data\processed\train\n09428293_430.JPEG,train
d:\experiments\diffusion_models\data\processed\train\n09428293_431.JPEG,train
d:\experiments\diffusion_models\data\processed\train\n09428293_432.JPEG,train
d:\experiments\diffusion_models\data\processed\train\n09428293_433.JPEG,train
d:\experiments\diffusion_models\data\processed\train\n09428293_434.JPEG,train
d:\experiments\diffusion_models\data\processed\train\n09428293_435.JPEG,train
d:\experiments\diffusion_models\data\processed\train\n09428293_436.JPEG,train
d:\experiments\diffusion_models\data\processed\train\n09428293_437.JPEG,train
d:\experiments\diffusion_models\data\processed\train\n09428293_438.JPEG,train
d:\experiments\diffusion_models\data\processed\train\n09428293_439.JPEG,train
d:\experiments\diffusion_models\data\processed\train\n09428293_44.JPEG,train
d:\experiments\diffusion_models\data\processed\train\n09428293_440.JPEG,train
d:\experiments\diffusion_models\data\processed\train\n09428293_441.JPEG,train
d:\experiments\diffusion_models\data\processed\train\n09428293_442.JPEG,train
d:\experiments\diffusion_models\data\processed\train\n09428293_443.JPEG,train
d:\experiments\diffusion_models\data\processed\train\n09428293_444.JPEG,train
d:\experiments\diffusion_models\data\processed\train\n09428293_445.JPEG,train
d:\experiments\diffusion_models\data\processed\train\n09428293_446.JPEG,train
d:\experiments\diffusion_models\data\processed\train\n09428293_447.JPEG,train
d:\experiments\diffusion_models\data\processed\train\n09428293_448.JPEG,train
d:\experiments\diffusion_models\data\processed\train\n09428293_449.JPEG,train
d:\experiments\diffusion_models\data\processed\train\n09428293_45.JPEG,train
d:\experiments\diffusion_models\data\processed\train\n09428293_450.JPEG,train
d:\experiments\diffusion_models\data\processed\train\n09428293_451.JPEG,train
d:\experiments\diffusion_models\data\processed\train\n09428293_452.JPEG,train
d:\experiments\diffusion_models\data\processed\train\n09428293_453.JPEG,train
d:\experiments\diffusion_models\data\processed\train\n09428293_454.JPEG,train
d:\experiments\diffusion_models\data\processed\train\n09428293_455.JPEG,train
d:\experiments\diffusion_models\data\processed\train\n09428293_456.JPEG,train
d:\experiments\diffusion_models\data\processed\train\n09428293_457.JPEG,train
d:\experiments\diffusion_models\data\processed\train\n09428293_458.JPEG,train
d:\experiments\diffusion_models\data\processed\train\n09428293_459.JPEG,train
d:\experiments\diffusion_models\data\processed\train\n09428293_46.JPEG,train
d:\experiments\diffusion_models\data\processed\train\n09428293_460.JPEG,train
d:\experiments\diffusion_models\data\processed\train\n09428293_461.JPEG,train
d:\experiments\diffusion_models\data\processed\train\n09428293_462.JPEG,train
d:\experiments\diffusion_models\data\processed\train\n09428293_463.JPEG,train
d:\experiments\diffusion_models\data\processed\train\n09428293_464.JPEG,train
d:\experiments\diffusion_models\data\processed\train\n09428293_465.JPEG,train
d:\experiments\diffusion_models\data\processed\train\n09428293_466.JPEG,train
d:\experiments\diffusion_models\data\processed\train\n09428293_467.JPEG,train
d:\experiments\diffusion_models\data\processed\train\n09428293_468.JPEG,train
d:\experiments\diffusion_models\data\processed\train\n09428293_469.JPEG,train
d:\experiments\diffusion_models\data\processed\train\n09428293_47.JPEG,train
d:\experiments\diffusion_models\data\processed\train\n09428293_470.JPEG,train
d:\experiments\diffusion_models\data\processed\train\n09428293_471.JPEG,train
d:\experiments\diffusion_models\data\processed\train\n09428293_472.JPEG,train
d:\experiments\diffusion_models\data\processed\train\n09428293_473.JPEG,train
d:\experiments\diffusion_models\data\processed\train\n09428293_474.JPEG,train
d:\experiments\diffusion_models\data\processed\train\n09428293_475.JPEG,train
d:\experiments\diffusion_models\data\processed\train\n09428293_476.JPEG,train
d:\experiments\diffusion_models\data\processed\train\n09428293_477.JPEG,train
d:\experiments\diffusion_models\data\processed\train\n09428293_478.JPEG,train
d:\experiments\diffusion_models\data\processed\train\n09428293_479.JPEG,train
d:\experiments\diffusion_models\data\processed\train\n09428293_48.JPEG,train
d:\experiments\diffusion_models\data\processed\train\n09428293_480.JPEG,train
d:\experiments\diffusion_models\data\processed\train\n09428293_481.JPEG,train
d:\experiments\diffusion_models\data\processed\train\n09428293_482.JPEG,train
d:\experiments\diffusion_models\data\processed\train\n09428293_483.JPEG,train
d:\experiments\diffusion_models\data\processed\train\n09428293_484.JPEG,train
d:\experiments\diffusion_models\data\processed\train\n09428293_485.JPEG,train
d:\experiments\diffusion_models\data\processed\train\n09428293_486.JPEG,train
d:\experiments\diffusion_models\data\processed\train\n09428293_487.JPEG,train
d:\experiments\diffusion_models\data\processed\train\n09428293_488.JPEG,train
d:\experiments\diffusion_models\data\processed\train\n09428293_489.JPEG,train
d:\experiments\diffusion_models\data\processed\train\n09428293_49.JPEG,train
d:\experiments\diffusion_models\data\processed\train\n09428293_490.JPEG,train
d:\experiments\diffusion_models\data\processed\train\n09428293_491.JPEG,train
d:\experiments\diffusion_models\data\processed\train\n09428293_492.JPEG,train
d:\experiments\diffusion_models\data\processed\train\n09428293_493.JPEG,train
d:\experiments\diffusion_models\data\processed\train\n09428293_494.JPEG,train
d:\experiments\diffusion_models\data\processed\train\n09428293_495.JPEG,train
d:\experiments\diffusion_models\data\processed\train\n09428293_496.JPEG,train
d:\experiments\diffusion_models\data\processed\train\n09428293_497.JPEG,train
d:\experiments\diffusion_models\data\processed\train\n09428293_498.JPEG,train
d:\experiments\diffusion_models\data\processed\train\n09428293_499.JPEG,train
d:\experiments\diffusion_models\data\processed\train\n09428293_5.JPEG,train
d:\experiments\diffusion_models\data\processed\train\n09428293_50.JPEG,train
d:\experiments\diffusion_models\data\processed\train\n09428293_51.JPEG,train
d:\experiments\diffusion_models\data\processed\train\n09428293_52.JPEG,train
d:\experiments\diffusion_models\data\processed\train\n09428293_53.JPEG,train
d:\experiments\diffusion_models\data\processed\train\n09428293_54.JPEG,train
d:\experiments\diffusion_models\data\processed\train\n09428293_55.JPEG,train
d:\experiments\diffusion_models\data\processed\train\n09428293_56.JPEG,train
d:\experiments\diffusion_models\data\processed\train\n09428293_57.JPEG,train
d:\experiments\diffusion_models\data\processed\train\n09428293_58.JPEG,train
d:\experiments\diffusion_models\data\processed\train\n09428293_59.JPEG,train
d:\experiments\diffusion_models\data\processed\train\n09428293_6.JPEG,train
d:\experiments\diffusion_models\data\processed\train\n09428293_60.JPEG,train
d:\experiments\diffusion_models\data\processed\train\n09428293_61.JPEG,train
d:\experiments\diffusion_models\data\processed\train\n09428293_62.JPEG,train
d:\experiments\diffusion_models\data\processed\train\n09428293_63.JPEG,train
d:\experiments\diffusion_models\data\processed\train\n09428293_64.JPEG,train
d:\experiments\diffusion_models\data\processed\train\n09428293_65.JPEG,train
d:\experiments\diffusion_models\data\processed\train\n09428293_66.JPEG,train
d:\experiments\diffusion_models\data\processed\train\n09428293_67.JPEG,train
d:\experiments\diffusion_models\data\processed\train\n09428293_68.JPEG,train
d:\experiments\diffusion_models\data\processed\train\n09428293_69.JPEG,train
d:\experiments\diffusion_models\data\processed\train\n09428293_7.JPEG,train
d:\experiments\diffusion_models\data\processed\train\n09428293_70.JPEG,train
d:\experiments\diffusion_models\data\processed\train\n09428293_71.JPEG,train
d:\experiments\diffusion_models\data\processed\train\n09428293_72.JPEG,train
d:\experiments\diffusion_models\data\processed\train\n09428293_73.JPEG,train
d:\experiments\diffusion_models\data\processed\train\n09428293_74.JPEG,train
d:\experiments\diffusion_models\data\processed\train\n09428293_75.JPEG,train
d:\experiments\diffusion_models\data\processed\train\n09428293_76.JPEG,train
d:\experiments\diffusion_models\data\processed\train\n09428293_77.JPEG,train
d:\experiments\diffusion_models\data\processed\train\n09428293_78.JPEG,train
d:\experiments\diffusion_models\data\processed\train\n09428293_79.JPEG,train
d:\experiments\diffusion_models\data\processed\train\n09428293_8.JPEG,train
d:\experiments\diffusion_models\data\processed\train\n09428293_80.JPEG,train
d:\experiments\diffusion_models\data\processed\train\n09428293_81.JPEG,train
d:\experiments\diffusion_models\data\processed\train\n09428293_82.JPEG,train
d:\experiments\diffusion_models\data\processed\train\n09428293_83.JPEG,train
d:\experiments\diffusion_models\data\processed\train\n09428293_84.JPEG,train
d:\experiments\diffusion_models\data\processed\train\n09428293_85.JPEG,train
d:\experiments\diffusion_models\data\processed\train\n09428293_86.JPEG,train
d:\experiments\diffusion_models\data\processed\train\n09428293_87.JPEG,train
d:\experiments\diffusion_models\data\processed\train\n09428293_88.JPEG,train
d:\experiments\diffusion_models\data\processed\train\n09428293_89.JPEG,train
d:\experiments\diffusion_models\data\processed\train\n09428293_9.JPEG,train
d:\experiments\diffusion_models\data\processed\train\n09428293_90.JPEG,train
d:\experiments\diffusion_models\data\processed\train\n09428293_91.JPEG,train
d:\experiments\diffusion_models\data\processed\train\n09428293_92.JPEG,train
d:\experiments\diffusion_models\data\processed\train\n09428293_93.JPEG,train
d:\experiments\diffusion_models\data\processed\train\n09428293_94.JPEG,train
d:\experiments\diffusion_models\data\processed\train\n09428293_95.JPEG,train
d:\experiments\diffusion_models\data\processed\train\n09428293_96.JPEG,train
d:\experiments\diffusion_models\data\processed\train\n09428293_97.JPEG,train
d:\experiments\diffusion_models\data\processed\train\n09428293_98.JPEG,train
d:\experiments\diffusion_models\data\processed\train\n09428293_99.JPEG,train
d:\experiments\diffusion_models\data\processed\valid\val_1003.JPEG,valid
d:\experiments\diffusion_models\data\processed\valid\val_1252.JPEG,valid
d:\experiments\diffusion_models\data\processed\valid\val_1336.JPEG,valid
d:\experiments\diffusion_models\data\processed\valid\val_1411.JPEG,valid
d:\experiments\diffusion_models\data\processed\valid\val_1457.JPEG,valid
d:\experiments\diffusion_models\data\processed\valid\val_1681.JPEG,valid
d:\experiments\diffusion_models\data\processed\valid\val_1706.JPEG,valid
d:\experiments\diffusion_models\data\processed\valid\val_2251.JPEG,valid
d:\experiments\diffusion_models\data\processed\valid\val_2270.JPEG,valid
d:\experiments\diffusion_models\data\processed\valid\val_2277.JPEG,valid
d:\experiments\diffusion_models\data\processed\valid\val_244.JPEG,valid
d:\experiments\diffusion_models\data\processed\valid\val_2516.JPEG,valid
d:\experiments\diffusion_models\data\processed\valid\val_2535.JPEG,valid
d:\experiments\diffusion_models\data\processed\valid\val_2711.JPEG,valid
d:\experiments\diffusion_models\data\processed\valid\val_3156.JPEG,valid
d:\experiments\diffusion_models\data\processed\valid\val_3165.JPEG,valid
d:\experiments\diffusion_models\data\processed\valid\val_3166.JPEG,valid
d:\experiments\diffusion_models\data\processed\valid\val_3444.JPEG,valid
d:\experiments\diffusion_models\data\processed\valid\val_3599.JPEG,valid
d:\experiments\diffusion_models\data\processed\valid\val_3654.JPEG,valid
d:\experiments\diffusion_models\data\processed\valid\val_3822.JPEG,valid
d:\experiments\diffusion_models\data\processed\valid\val_3911.JPEG,valid
d:\experiments\diffusion_models\data\processed\valid\val_3970.JPEG,valid
d:\experiments\diffusion_models\data\processed\valid\val_4191.JPEG,valid
d:\experiments\diffusion_models\data\processed\valid\val_4643.JPEG,valid
d:\experiments\diffusion_models\data\processed\valid\val_4673.JPEG,valid
d:\experiments\diffusion_models\data\processed\valid\val_5297.JPEG,valid
d:\experiments\diffusion_models\data\processed\valid\val_5457.JPEG,valid
d:\experiments\diffusion_models\data\processed\valid\val_5982.JPEG,valid
d:\experiments\diffusion_models\data\processed\valid\val_6408.JPEG,valid
d:\experiments\diffusion_models\data\processed\valid\val_6581.JPEG,valid
d:\experiments\diffusion_models\data\processed\valid\val_6791.JPEG,valid
d:\experiments\diffusion_models\data\processed\valid\val_6793.JPEG,valid
d:\experiments\diffusion_models\data\processed\valid\val_7227.JPEG,valid
d:\experiments\diffusion_models\data\processed\valid\val_7530.JPEG,valid
d:\experiments\diffusion_models\data\processed\valid\val_7547.JPEG,valid
d:\experiments\diffusion_models\data\processed\valid\val_7696.JPEG,valid
d:\experiments\diffusion_models\data\processed\valid\val_7799.JPEG,valid
d:\experiments\diffusion_models\data\processed\valid\val_7962.JPEG,valid
d:\experiments\diffusion_models\data\processed\valid\val_8175.JPEG,valid
d:\experiments\diffusion_models\data\processed\valid\val_8818.JPEG,valid
d:\experiments\diffusion_models\data\processed\valid\val_8902.JPEG,valid
d:\experiments\diffusion_models\data\processed\valid\val_8946.JPEG,valid
d:\experiments\diffusion_models\data\processed\valid\val_9239.JPEG,valid
d:\experiments\diffusion_models\data\processed\valid\val_9310.JPEG,valid
d:\experiments\diffusion_models\data\processed\valid\val_9526.JPEG,valid
d:\experiments\diffusion_models\data\processed\valid\val_9740.JPEG,valid
d:\experiments\diffusion_models\data\processed\valid\val_9815.JPEG,valid
d:\experiments\diffusion_models\data\processed\valid\val_9818.JPEG,valid
d:\experiments\diffusion_models\data\processed\valid\val_982.JPEG,valid
d:\experiments\diffusion_models\data\processed\extra-gs-resized\0.jpg,extra
d:\experiments\diffusion_models\data\processed\extra-gs-resized\1.jpg,extra
d:\experiments\diffusion_models\data\processed\extra-gs-resized\10.jpg,extra
d:\experiments\diffusion_models\data\processed\extra-gs-resized\100.jpg,extra
d:\experiments\diffusion_models\data\processed\extra-gs-resized\101.jpg,extra
d:\experiments\diffusion_models\data\processed\extra-gs-resized\102.jpg,extra
d:\experiments\diffusion_models\data\processed\extra-gs-resized\103.jpg,extra
d:\experiments\diffusion_models\data\processed\extra-gs-resized\104.jpg,extra
d:\experiments\diffusion_models\data\processed\extra-gs-resized\105.jpg,extra
d:\experiments\diffusion_models\data\processed\extra-gs-resized\106.jpg,extra
d:\experiments\diffusion_models\data\processed\extra-gs-resized\107.jpg,extra
d:\experiments\diffusion_models\data\processed\extra-gs-resized\108.jpg,extra
d:\experiments\diffusion_models\data\processed\extra-gs-resized\109.jpg,extra
d:\experiments\diffusion_models\data\processed\extra-gs-resized\11.jpg,extra
d:\experiments\diffusion_models\data\processed\extra-gs-resized\110.jpg,extra
d:\experiments\diffusion_models\data\processed\extra-gs-resized\111.jpg,extra
d:\experiments\diffusion_models\data\processed\extra-gs-resized\112.jpg,extra
d:\experiments\diffusion_models\data\processed\extra-gs-resized\113.jpg,extra
d:\experiments\diffusion_models\data\processed\extra-gs-resized\114.jpg,extra
d:\experiments\diffusion_models\data\processed\extra-gs-resized\115.jpg,extra
d:\experiments\diffusion_models\data\processed\extra-gs-resized\116.jpg,extra
d:\experiments\diffusion_models\data\processed\extra-gs-resized\117.jpg,extra
d:\experiments\diffusion_models\data\processed\extra-gs-resized\118.jpg,extra
d:\experiments\diffusion_models\data\processed\extra-gs-resized\119.jpg,extra
d:\experiments\diffusion_models\data\processed\extra-gs-resized\12.jpg,extra
d:\experiments\diffusion_models\data\processed\extra-gs-resized\120.jpg,extra
d:\experiments\diffusion_models\data\processed\extra-gs-resized\121.jpg,extra
d:\experiments\diffusion_models\data\processed\extra-gs-resized\122.jpg,extra
d:\experiments\diffusion_models\data\processed\extra-gs-resized\123.jpg,extra
d:\experiments\diffusion_models\data\processed\extra-gs-resized\124.jpg,extra
d:\experiments\diffusion_models\data\processed\extra-gs-resized\125.jpg,extra
d:\experiments\diffusion_models\data\processed\extra-gs-resized\126.jpg,extra
d:\experiments\diffusion_models\data\processed\extra-gs-resized\127.jpg,extra
d:\experiments\diffusion_models\data\processed\extra-gs-resized\128.JPG,extra
d:\experiments\diffusion_models\data\processed\extra-gs-resized\129.jpg,extra
d:\experiments\diffusion_models\data\processed\extra-gs-resized\130.jpg,extra
d:\experiments\diffusion_models\data\processed\extra-gs-resized\131.jpg,extra
d:\experiments\diffusion_models\data\processed\extra-gs-resized\132.jpg,extra
d:\experiments\diffusion_models\data\processed\extra-gs-resized\133.jpg,extra
d:\experiments\diffusion_models\data\processed\extra-gs-resized\134.jpg,extra
d:\experiments\diffusion_models\data\processed\extra-gs-resized\135.jpg,extra
d:\experiments\diffusion_models\data\processed\extra-gs-resized\136.jpg,extra
d:\experiments\diffusion_models\data\processed\extra-gs-resized\137.jpg,extra
d:\experiments\diffusion_models\data\processed\extra-gs-resized\138.jpg,extra
d:\experiments\diffusion_models\data\processed\extra-gs-resized\139.jpg,extra
d:\experiments\diffusion_models\data\processed\extra-gs-resized\14.jpg,extra
d:\experiments\diffusion_models\data\processed\extra-gs-resized\140.jpg,extra
d:\experiments\diffusion_models\data\processed\extra-gs-resized\141.jpg,extra
d:\experiments\diffusion_models\data\processed\extra-gs-resized\142.jpg,extra
d:\experiments\diffusion_models\data\processed\extra-gs-resized\143.jpg,extra
d:\experiments\diffusion_models\data\processed\extra-gs-resized\144.jpg,extra
d:\experiments\diffusion_models\data\processed\extra-gs-resized\145.jpg,extra
d:\experiments\diffusion_models\data\processed\extra-gs-resized\146.jpg,extra
d:\experiments\diffusion_models\data\processed\extra-gs-resized\147.jpg,extra
d:\experiments\diffusion_models\data\processed\extra-gs-resized\148.jpg,extra
d:\experiments\diffusion_models\data\processed\extra-gs-resized\149.jpeg,extra
d:\experiments\diffusion_models\data\processed\extra-gs-resized\149.jpg,extra
d:\experiments\diffusion_models\data\processed\extra-gs-resized\15.jpeg,extra
d:\experiments\diffusion_models\data\processed\extra-gs-resized\15.jpg,extra
d:\experiments\diffusion_models\data\processed\extra-gs-resized\150.jpg,extra
d:\experiments\diffusion_models\data\processed\extra-gs-resized\151.jpeg,extra
d:\experiments\diffusion_models\data\processed\extra-gs-resized\151.jpg,extra
d:\experiments\diffusion_models\data\processed\extra-gs-resized\152.jpg,extra
d:\experiments\diffusion_models\data\processed\extra-gs-resized\153.jpg,extra
d:\experiments\diffusion_models\data\processed\extra-gs-resized\154.jpg,extra
d:\experiments\diffusion_models\data\processed\extra-gs-resized\155.jpg,extra
d:\experiments\diffusion_models\data\processed\extra-gs-resized\156.jpg,extra
d:\experiments\diffusion_models\data\processed\extra-gs-resized\157.jpg,extra
d:\experiments\diffusion_models\data\processed\extra-gs-resized\158.jpg,extra
d:\experiments\diffusion_models\data\processed\extra-gs-resized\159.jpg,extra
d:\experiments\diffusion_models\data\processed\extra-gs-resized\16.jpeg,extra
d:\experiments\diffusion_models\data\processed\extra-gs-resized\160.jpeg,extra
d:\experiments\diffusion_models\data\processed\extra-gs-resized\160.jpg,extra
d:\experiments\diffusion_models\data\processed\extra-gs-resized\161.jpg,extra
d:\experiments\diffusion_models\data\processed\extra-gs-resized\162.jpeg,extra
d:\experiments\diffusion_models\data\processed\extra-gs-resized\162.jpg,extra
d:\experiments\diffusion_models\data\processed\extra-gs-resized\163.JPEG,extra
d:\experiments\diffusion_models\data\processed\extra-gs-resized\163.jpg,extra
d:\experiments\diffusion_models\data\processed\extra-gs-resized\164.JPG,extra
d:\experiments\diffusion_models\data\processed\extra-gs-resized\165.jpg,extra
d:\experiments\diffusion_models\data\processed\extra-gs-resized\166.jpg,extra
d:\experiments\diffusion_models\data\processed\extra-gs-resized\167.jpg,extra
d:\experiments\diffusion_models\data\processed\extra-gs-resized\168.jpg,extra
d:\experiments\diffusion_models\data\processed\extra-gs-resized\169.jpg,extra
d:\experiments\diffusion_models\data\processed\extra-gs-resized\17.JPEG,extra
d:\experiments\diffusion_models\data\processed\extra-gs-resized\170.jpg,extra
d:\experiments\diffusion_models\data\processed\extra-gs-resized\171.JPEG,extra
d:\experiments\diffusion_models\data\processed\extra-gs-resized\171.jpg,extra
d:\experiments\diffusion_models\data\processed\extra-gs-resized\172.jpg,extra
d:\experiments\diffusion_models\data\processed\extra-gs-resized\173.jpeg,extra
d:\experiments\diffusion_models\data\processed\extra-gs-resized\173.jpg,extra
d:\experiments\diffusion_models\data\processed\extra-gs-resized\174.jpg,extra
d:\experiments\diffusion_models\data\processed\extra-gs-resized\175.jpg,extra
d:\experiments\diffusion_models\data\processed\extra-gs-resized\176.jpg,extra
d:\experiments\diffusion_models\data\processed\extra-gs-resized\177.JPG,extra
d:\experiments\diffusion_models\data\processed\extra-gs-resized\178.jpg,extra
d:\experiments\diffusion_models\data\processed\extra-gs-resized\179.jpg,extra
d:\experiments\diffusion_models\data\processed\extra-gs-resized\18.jpg,extra
d:\experiments\diffusion_models\data\processed\extra-gs-resized\180.jpeg,extra
d:\experiments\diffusion_models\data\processed\extra-gs-resized\180.jpg,extra
d:\experiments\diffusion_models\data\processed\extra-gs-resized\181.jpg,extra
d:\experiments\diffusion_models\data\processed\extra-gs-resized\182.jpg,extra
d:\experiments\diffusion_models\data\processed\extra-gs-resized\183.jpg,extra
d:\experiments\diffusion_models\data\processed\extra-gs-resized\184.jpeg,extra
d:\experiments\diffusion_models\data\processed\extra-gs-resized\184.jpg,extra
d:\experiments\diffusion_models\data\processed\extra-gs-resized\185.jpg,extra
d:\experiments\diffusion_models\data\processed\extra-gs-resized\186.jpg,extra
d:\experiments\diffusion_models\data\processed\extra-gs-resized\187.jpeg,extra
d:\experiments\diffusion_models\data\processed\extra-gs-resized\187.jpg,extra
d:\experiments\diffusion_models\data\processed\extra-gs-resized\188.jpg,extra
d:\experiments\diffusion_models\data\processed\extra-gs-resized\189.jpg,extra
d:\experiments\diffusion_models\data\processed\extra-gs-resized\19.jpg,extra
d:\experiments\diffusion_models\data\processed\extra-gs-resized\190.jpg,extra
d:\experiments\diffusion_models\data\processed\extra-gs-resized\191.jpg,extra
d:\experiments\diffusion_models\data\processed\extra-gs-resized\192.jpg,extra
d:\experiments\diffusion_models\data\processed\extra-gs-resized\193.jpg,extra
d:\experiments\diffusion_models\data\processed\extra-gs-resized\194.jpg,extra
d:\experiments\diffusion_models\data\processed\extra-gs-resized\195.jpg,extra
d:\experiments\diffusion_models\data\processed\extra-gs-resized\196.jpg,extra
d:\experiments\diffusion_models\data\processed\extra-gs-resized\197.jpg,extra
d:\experiments\diffusion_models\data\processed\extra-gs-resized\198.jpg,extra
d:\experiments\diffusion_models\data\processed\extra-gs-resized\199.jpg,extra
d:\experiments\diffusion_models\data\processed\extra-gs-resized\20.jpg,extra
d:\experiments\diffusion_models\data\processed\extra-gs-resized\200.jpg,extra
d:\experiments\diffusion_models\data\processed\extra-gs-resized\201.jpeg,extra
d:\experiments\diffusion_models\data\processed\extra-gs-resized\202.jpg,extra
d:\experiments\diffusion_models\data\processed\extra-gs-resized\203.jpeg,extra
d:\experiments\diffusion_models\data\processed\extra-gs-resized\203.jpg,extra
d:\experiments\diffusion_models\data\processed\extra-gs-resized\204.jpeg,extra
d:\experiments\diffusion_models\data\processed\extra-gs-resized\204.jpg,extra
d:\experiments\diffusion_models\data\processed\extra-gs-resized\205.jpeg,extra
d:\experiments\diffusion_models\data\processed\extra-gs-resized\205.jpg,extra
d:\experiments\diffusion_models\data\processed\extra-gs-resized\206.jpg,extra
d:\experiments\diffusion_models\data\processed\extra-gs-resized\207.jpg,extra
d:\experiments\diffusion_models\data\processed\extra-gs-resized\208.jpg,extra
d:\experiments\diffusion_models\data\processed\extra-gs-resized\209.jpg,extra
d:\experiments\diffusion_models\data\processed\extra-gs-resized\21.jpg,extra
d:\experiments\diffusion_models\data\processed\extra-gs-resized\210.jpg,extra
d:\experiments\diffusion_models\data\processed\extra-gs-resized\211.jpg,extra
d:\experiments\diffusion_models\data\processed\extra-gs-resized\212.jpeg,extra
d:\experiments\diffusion_models\data\processed\extra-gs-resized\212.jpg,extra
d:\experiments\diffusion_models\data\processed\extra-gs-resized\213.jpg,extra
d:\experiments\diffusion_models\data\processed\extra-gs-resized\214.jpg,extra
d:\experiments\diffusion_models\data\processed\extra-gs-resized\215.jpg,extra
d:\experiments\diffusion_models\data\processed\extra-gs-resized\216.jpg,extra
d:\experiments\diffusion_models\data\processed\extra-gs-resized\217.jpg,extra
d:\experiments\diffusion_models\data\processed\extra-gs-resized\218.jpeg,extra
d:\experiments\diffusion_models\data\processed\extra-gs-resized\218.jpg,extra
d:\experiments\diffusion_models\data\processed\extra-gs-resized\219.jpeg,extra
d:\experiments\diffusion_models\data\processed\extra-gs-resized\219.jpg,extra
d:\experiments\diffusion_models\data\processed\extra-gs-resized\22.JPEG,extra
d:\experiments\diffusion_models\data\processed\extra-gs-resized\22.jpg,extra
d:\experiments\diffusion_models\data\processed\extra-gs-resized\220.jpeg,extra
d:\experiments\diffusion_models\data\processed\extra-gs-resized\220.jpg,extra
d:\experiments\diffusion_models\data\processed\extra-gs-resized\221.jpg,extra
d:\experiments\diffusion_models\data\processed\extra-gs-resized\223.jpg,extra
d:\experiments\diffusion_models\data\processed\extra-gs-resized\224.jpg,extra
d:\experiments\diffusion_models\data\processed\extra-gs-resized\225.jpg,extra
d:\experiments\diffusion_models\data\processed\extra-gs-resized\226.jpg,extra
d:\experiments\diffusion_models\data\processed\extra-gs-resized\227.jpg,extra
d:\experiments\diffusion_models\data\processed\extra-gs-resized\228.jpg,extra
d:\experiments\diffusion_models\data\processed\extra-gs-resized\229.jpg,extra
d:\experiments\diffusion_models\data\processed\extra-gs-resized\23.JPEG,extra
d:\experiments\diffusion_models\data\processed\extra-gs-resized\23.jpg,extra
d:\experiments\diffusion_models\data\processed\extra-gs-resized\230.JPG,extra
d:\experiments\diffusion_models\data\processed\extra-gs-resized\231.jpg,extra
d:\experiments\diffusion_models\data\processed\extra-gs-resized\232.jpg,extra
d:\experiments\diffusion_models\data\processed\extra-gs-resized\233.jpg,extra
d:\experiments\diffusion_models\data\processed\extra-gs-resized\234.jpg,extra
d:\experiments\diffusion_models\data\processed\extra-gs-resized\235.jpg,extra
d:\experiments\diffusion_models\data\processed\extra-gs-resized\236.jpg,extra
d:\experiments\diffusion_models\data\processed\extra-gs-resized\237.jpg,extra
d:\experiments\diffusion_models\data\processed\extra-gs-resized\238.jpg,extra
d:\experiments\diffusion_models\data\processed\extra-gs-resized\239.jpg,extra
d:\experiments\diffusion_models\data\processed\extra-gs-resized\24.jpg,extra
d:\experiments\diffusion_models\data\processed\extra-gs-resized\240.jpg,extra
d:\experiments\diffusion_models\data\processed\extra-gs-resized\241.jpeg,extra
d:\experiments\diffusion_models\data\processed\extra-gs-resized\241.jpg,extra
d:\experiments\diffusion_models\data\processed\extra-gs-resized\242.jpeg,extra
d:\experiments\diffusion_models\data\processed\extra-gs-resized\243.jpg,extra
d:\experiments\diffusion_models\data\processed\extra-gs-resized\244.jpg,extra
d:\experiments\diffusion_models\data\processed\extra-gs-resized\245.jpg,extra
d:\experiments\diffusion_models\data\processed\extra-gs-resized\246.jpg,extra
d:\experiments\diffusion_models\data\processed\extra-gs-resized\247.jpeg,extra
d:\experiments\diffusion_models\data\processed\extra-gs-resized\247.jpg,extra
d:\experiments\diffusion_models\data\processed\extra-gs-resized\248.jpg,extra
d:\experiments\diffusion_models\data\processed\extra-gs-resized\249.jpg,extra
d:\experiments\diffusion_models\data\processed\extra-gs-resized\25.jpg,extra
d:\experiments\diffusion_models\data\processed\extra-gs-resized\250.jpg,extra
d:\experiments\diffusion_models\data\processed\extra-gs-resized\251.jpg,extra
d:\experiments\diffusion_models\data\processed\extra-gs-resized\252.jpg,extra
d:\experiments\diffusion_models\data\processed\extra-gs-resized\253.jpg,extra
d:\experiments\diffusion_models\data\processed\extra-gs-resized\254.jpg,extra
d:\experiments\diffusion_models\data\processed\extra-gs-resized\255.jpg,extra
d:\experiments\diffusion_models\data\processed\extra-gs-resized\256.jpeg,extra
d:\experiments\diffusion_models\data\processed\extra-gs-resized\256.jpg,extra
d:\experiments\diffusion_models\data\processed\extra-gs-resized\257.jpg,extra
d:\experiments\diffusion_models\data\processed\extra-gs-resized\258.jpg,extra
d:\experiments\diffusion_models\data\processed\extra-gs-resized\259.jpg,extra
d:\experiments\diffusion_models\data\processed\extra-gs-resized\26.jpg,extra
d:\experiments\diffusion_models\data\processed\extra-gs-resized\260.jpg,extra
d:\experiments\diffusion_models\data\processed\extra-gs-resized\261.jpeg,extra
d:\experiments\diffusion_models\data\processed\extra-gs-resized\262.jpg,extra
d:\experiments\diffusion_models\data\processed\extra-gs-resized\263.jpg,extra
d:\experiments\diffusion_models\data\processed\extra-gs-resized\264.jpg,extra
d:\experiments\diffusion_models\data\processed\extra-gs-resized\265.jpeg,extra
d:\experiments\diffusion_models\data\processed\extra-gs-resized\265.jpg,extra
d:\experiments\diffusion_models\data\processed\extra-gs-resized\266.jpg,extra
d:\experiments\diffusion_models\data\processed\extra-gs-resized\267.jpg,extra
d:\experiments\diffusion_models\data\processed\extra-gs-resized\268.jpg,extra
d:\experiments\diffusion_models\data\processed\extra-gs-resized\269.jpg,extra
d:\experiments\diffusion_models\data\processed\extra-gs-resized\27.jpg,extra
d:\experiments\diffusion_models\data\processed\extra-gs-resized\270.jpg,extra
d:\experiments\diffusion_models\data\processed\extra-gs-resized\271.jpg,extra
d:\experiments\diffusion_models\data\processed\extra-gs-resized\272.jpg,extra
d:\experiments\diffusion_models\data\processed\extra-gs-resized\273.jpeg,extra
d:\experiments\diffusion_models\data\processed\extra-gs-resized\273.jpg,extra
d:\experiments\diffusion_models\data\processed\extra-gs-resized\274.jpg,extra
d:\experiments\diffusion_models\data\processed\extra-gs-resized\275.jpg,extra
d:\experiments\diffusion_models\data\processed\extra-gs-resized\276.jpg,extra
d:\experiments\diffusion_models\data\processed\extra-gs-resized\277.jpg,extra
d:\experiments\diffusion_models\data\processed\extra-gs-resized\278.jpg,extra
d:\experiments\diffusion_models\data\processed\extra-gs-resized\279.jpg,extra
d:\experiments\diffusion_models\data\processed\extra-gs-resized\28.jpg,extra
d:\experiments\diffusion_models\data\processed\extra-gs-resized\280.jpg,extra
d:\experiments\diffusion_models\data\processed\extra-gs-resized\281.jpg,extra
d:\experiments\diffusion_models\data\processed\extra-gs-resized\282.jpeg,extra
d:\experiments\diffusion_models\data\processed\extra-gs-resized\282.jpg,extra
d:\experiments\diffusion_models\data\processed\extra-gs-resized\283.jpg,extra
d:\experiments\diffusion_models\data\processed\extra-gs-resized\284.jpg,extra
d:\experiments\diffusion_models\data\processed\extra-gs-resized\285.jpg,extra
d:\experiments\diffusion_models\data\processed\extra-gs-resized\286.jpeg,extra
d:\experiments\diffusion_models\data\processed\extra-gs-resized\286.jpg,extra
d:\experiments\diffusion_models\data\processed\extra-gs-resized\287.jpg,extra
d:\experiments\diffusion_models\data\processed\extra-gs-resized\288.jpg,extra
d:\experiments\diffusion_models\data\processed\extra-gs-resized\289.jpg,extra
d:\experiments\diffusion_models\data\processed\extra-gs-resized\29.jpg,extra
d:\experiments\diffusion_models\data\processed\extra-gs-resized\290.jpg,extra
d:\experiments\diffusion_models\data\processed\extra-gs-resized\291.jpg,extra
d:\experiments\diffusion_models\data\processed\extra-gs-resized\292.jpg,extra
d:\experiments\diffusion_models\data\processed\extra-gs-resized\293.jpg,extra
d:\experiments\diffusion_models\data\processed\extra-gs-resized\294.jpg,extra
d:\experiments\diffusion_models\data\processed\extra-gs-resized\295.jpg,extra
d:\experiments\diffusion_models\data\processed\extra-gs-resized\296.jpg,extra
d:\experiments\diffusion_models\data\processed\extra-gs-resized\297.jpg,extra
d:\experiments\diffusion_models\data\processed\extra-gs-resized\298.jpg,extra
d:\experiments\diffusion_models\data\processed\extra-gs-resized\299.jpg,extra
d:\experiments\diffusion_models\data\processed\extra-gs-resized\3.jpg,extra
d:\experiments\diffusion_models\data\processed\extra-gs-resized\30.jpg,extra
d:\experiments\diffusion_models\data\processed\extra-gs-resized\301.jpg,extra
d:\experiments\diffusion_models\data\processed\extra-gs-resized\302.jpg,extra
d:\experiments\diffusion_models\data\processed\extra-gs-resized\304.jpg,extra
d:\experiments\diffusion_models\data\processed\extra-gs-resized\305.jpg,extra
d:\experiments\diffusion_models\data\processed\extra-gs-resized\307.jpg,extra
d:\experiments\diffusion_models\data\processed\extra-gs-resized\308.jpg,extra
d:\experiments\diffusion_models\data\processed\extra-gs-resized\309.jpg,extra
d:\experiments\diffusion_models\data\processed\extra-gs-resized\31.jpg,extra
d:\experiments\diffusion_models\data\processed\extra-gs-resized\310.jpg,extra
d:\experiments\diffusion_models\data\processed\extra-gs-resized\311.jpg,extra
d:\experiments\diffusion_models\data\processed\extra-gs-resized\312.jpg,extra
d:\experiments\diffusion_models\data\processed\extra-gs-resized\313.jpg,extra
d:\experiments\diffusion_models\data\processed\extra-gs-resized\314.jpg,extra
d:\experiments\diffusion_models\data\processed\extra-gs-resized\315.jpg,extra
d:\experiments\diffusion_models\data\processed\extra-gs-resized\316.jpg,extra
d:\experiments\diffusion_models\data\processed\extra-gs-resized\317.jpg,extra
d:\experiments\diffusion_models\data\processed\extra-gs-resized\318.jpg,extra
d:\experiments\diffusion_models\data\processed\extra-gs-resized\319.jpg,extra
d:\experiments\diffusion_models\data\processed\extra-gs-resized\32.jpg,extra
d:\experiments\diffusion_models\data\processed\extra-gs-resized\320.jpg,extra
d:\experiments\diffusion_models\data\processed\extra-gs-resized\321.jpg,extra
d:\experiments\diffusion_models\data\processed\extra-gs-resized\322.jpg,extra
d:\experiments\diffusion_models\data\processed\extra-gs-resized\323.jpeg,extra
d:\experiments\diffusion_models\data\processed\extra-gs-resized\323.jpg,extra
d:\experiments\diffusion_models\data\processed\extra-gs-resized\324.jpeg,extra
d:\experiments\diffusion_models\data\processed\extra-gs-resized\324.jpg,extra
d:\experiments\diffusion_models\data\processed\extra-gs-resized\325.jpg,extra
d:\experiments\diffusion_models\data\processed\extra-gs-resized\326.jpg,extra
d:\experiments\diffusion_models\data\processed\extra-gs-resized\327.jpg,extra
d:\experiments\diffusion_models\data\processed\extra-gs-resized\328.jpg,extra
d:\experiments\diffusion_models\data\processed\extra-gs-resized\329.jpg,extra
d:\experiments\diffusion_models\data\processed\extra-gs-resized\33.jpg,extra
d:\experiments\diffusion_models\data\processed\extra-gs-resized\330.jpg,extra
d:\experiments\diffusion_models\data\processed\extra-gs-resized\331.jpg,extra
d:\experiments\diffusion_models\data\processed\extra-gs-resized\332.jpg,extra
d:\experiments\diffusion_models\data\processed\extra-gs-resized\333.jpg,extra
d:\experiments\diffusion_models\data\processed\extra-gs-resized\334.jpg,extra
d:\experiments\diffusion_models\data\processed\extra-gs-resized\335.jpg,extra
d:\experiments\diffusion_models\data\processed\extra-gs-resized\336.jpg,extra
d:\experiments\diffusion_models\data\processed\extra-gs-resized\337.jpg,extra
d:\experiments\diffusion_models\data\processed\extra-gs-resized\338.jpeg,extra
d:\experiments\diffusion_models\data\processed\extra-gs-resized\338.jpg,extra
d:\experiments\diffusion_models\data\processed\extra-gs-resized\339.jpeg,extra
d:\experiments\diffusion_models\data\processed\extra-gs-resized\339.jpg,extra
d:\experiments\diffusion_models\data\processed\extra-gs-resized\34.jpg,extra
d:\experiments\diffusion_models\data\processed\extra-gs-resized\340.jpg,extra
d:\experiments\diffusion_models\data\processed\extra-gs-resized\341.jpg,extra
d:\experiments\diffusion_models\data\processed\extra-gs-resized\342.jpg,extra
d:\experiments\diffusion_models\data\processed\extra-gs-resized\343.jpg,extra
d:\experiments\diffusion_models\data\processed\extra-gs-resized\344.jpg,extra
d:\experiments\diffusion_models\data\processed\extra-gs-resized\345.JPG,extra
d:\experiments\diffusion_models\data\processed\extra-gs-resized\346.jpeg,extra
d:\experiments\diffusion_models\data\processed\extra-gs-resized\346.jpg,extra
d:\experiments\diffusion_models\data\processed\extra-gs-resized\347.jpeg,extra
d:\experiments\diffusion_models\data\processed\extra-gs-resized\348.jpeg,extra
d:\experiments\diffusion_models\data\processed\extra-gs-resized\348.jpg,extra
d:\experiments\diffusion_models\data\processed\extra-gs-resized\349.jpeg,extra
d:\experiments\diffusion_models\data\processed\extra-gs-resized\349.jpg,extra
d:\experiments\diffusion_models\data\processed\extra-gs-resized\35.jpg,extra
d:\experiments\diffusion_models\data\processed\extra-gs-resized\350.jpg,extra
d:\experiments\diffusion_models\data\processed\extra-gs-resized\351.jpg,extra
d:\experiments\diffusion_models\data\processed\extra-gs-resized\352.jpg,extra
d:\experiments\diffusion_models\data\processed\extra-gs-resized\353.jpg,extra
d:\experiments\diffusion_models\data\processed\extra-gs-resized\354.jpg,extra
d:\experiments\diffusion_models\data\processed\extra-gs-resized\354.png,extra
d:\experiments\diffusion_models\data\processed\extra-gs-resized\355.jpg,extra
d:\experiments\diffusion_models\data\processed\extra-gs-resized\356.jpg,extra
d:\experiments\diffusion_models\data\processed\extra-gs-resized\357.jpg,extra
d:\experiments\diffusion_models\data\processed\extra-gs-resized\358.jpeg,extra
d:\experiments\diffusion_models\data\processed\extra-gs-resized\358.jpg,extra
d:\experiments\diffusion_models\data\processed\extra-gs-resized\359.jpeg,extra
d:\experiments\diffusion_models\data\processed\extra-gs-resized\359.jpg,extra
d:\experiments\diffusion_models\data\processed\extra-gs-resized\36.jpg,extra
d:\experiments\diffusion_models\data\processed\extra-gs-resized\360.jpg,extra
d:\experiments\diffusion_models\data\processed\extra-gs-resized\361.jpg,extra
d:\experiments\diffusion_models\data\processed\extra-gs-resized\362.jpeg,extra
d:\experiments\diffusion_models\data\processed\extra-gs-resized\362.jpg,extra
d:\experiments\diffusion_models\data\processed\extra-gs-resized\363.jpg,extra
d:\experiments\diffusion_models\data\processed\extra-gs-resized\364.jpg,extra
d:\experiments\diffusion_models\data\processed\extra-gs-resized\365.jpg,extra
d:\experiments\diffusion_models\data\processed\extra-gs-resized\366.jpg,extra
d:\experiments\diffusion_models\data\processed\extra-gs-resized\366.png,extra
d:\experiments\diffusion_models\data\processed\extra-gs-resized\367.jpg,extra
d:\experiments\diffusion_models\data\processed\extra-gs-resized\367_jpg,extra
d:\experiments\diffusion_models\data\processed\extra-gs-resized\368.jpg,extra
d:\experiments\diffusion_models\data\processed\extra-gs-resized\369.jpg,extra
d:\experiments\diffusion_models\data\processed\extra-gs-resized\37.jpg,extra
d:\experiments\diffusion_models\data\processed\extra-gs-resized\370.png,extra
d:\experiments\diffusion_models\data\processed\extra-gs-resized\371.jpg,extra
d:\experiments\diffusion_models\data\processed\extra-gs-resized\372.jpg,extra
d:\experiments\diffusion_models\data\processed\extra-gs-resized\373.jpg,extra
d:\experiments\diffusion_models\data\processed\extra-gs-resized\374.jpg,extra
d:\experiments\diffusion_models\data\processed\extra-gs-resized\375.jpg,extra
d:\experiments\diffusion_models\data\processed\extra-gs-resized\376.jpg,extra
d:\experiments\diffusion_models\data\processed\extra-gs-resized\377.jpg,extra
d:\experiments\diffusion_models\data\processed\extra-gs-resized\378.jpg,extra
d:\experiments\diffusion_models\data\processed\extra-gs-resized\379.jpeg,extra
d:\experiments\diffusion_models\data\processed\extra-gs-resized\379.jpg,extra
d:\experiments\diffusion_models\data\processed\extra-gs-resized\38.jpg,extra
d:\experiments\diffusion_models\data\processed\extra-gs-resized\380.jpg,extra
d:\experiments\diffusion_models\data\processed\extra-gs-resized\381.jpg,extra
d:\experiments\diffusion_models\data\processed\extra-gs-resized\382.jpg,extra
d:\experiments\diffusion_models\data\processed\extra-gs-resized\383.jpg,extra
d:\experiments\diffusion_models\data\processed\extra-gs-resized\384.jpg,extra
d:\experiments\diffusion_models\data\processed\extra-gs-resized\386.jpg,extra
d:\experiments\diffusion_models\data\processed\extra-gs-resized\387.jpg,extra
d:\experiments\diffusion_models\data\processed\extra-gs-resized\388.jpg,extra
d:\experiments\diffusion_models\data\processed\extra-gs-resized\389.jpeg,extra
d:\experiments\diffusion_models\data\processed\extra-gs-resized\389.jpg,extra
d:\experiments\diffusion_models\data\processed\extra-gs-resized\39.jpg,extra
d:\experiments\diffusion_models\data\processed\extra-gs-resized\390.jpg,extra
d:\experiments\diffusion_models\data\processed\extra-gs-resized\391.jpg,extra
d:\experiments\diffusion_models\data\processed\extra-gs-resized\392.jpg,extra
d:\experiments\diffusion_models\data\processed\extra-gs-resized\393.jpg,extra
d:\experiments\diffusion_models\data\processed\extra-gs-resized\394.jpg,extra
d:\experiments\diffusion_models\data\processed\extra-gs-resized\395.jpg,extra
d:\experiments\diffusion_models\data\processed\extra-gs-resized\396.jpg,extra
d:\experiments\diffusion_models\data\processed\extra-gs-resized\397.jpg,extra
d:\experiments\diffusion_models\data\processed\extra-gs-resized\398.jpg,extra
d:\experiments\diffusion_models\data\processed\extra-gs-resized\399.jpg,extra
d:\experiments\diffusion_models\data\processed\extra-gs-resized\4.jpg,extra
d:\experiments\diffusion_models\data\processed\extra-gs-resized\40.jpg,extra
d:\experiments\diffusion_models\data\processed\extra-gs-resized\400.jpg,extra
d:\experiments\diffusion_models\data\processed\extra-gs-resized\401.jpg,extra
d:\experiments\diffusion_models\data\processed\extra-gs-resized\402.jpg,extra
d:\experiments\diffusion_models\data\processed\extra-gs-resized\403.jpg,extra
d:\experiments\diffusion_models\data\processed\extra-gs-resized\404.jpg,extra
d:\experiments\diffusion_models\data\processed\extra-gs-resized\405.jpeg,extra
d:\experiments\diffusion_models\data\processed\extra-gs-resized\405.jpg,extra
d:\experiments\diffusion_models\data\processed\extra-gs-resized\406.jpg,extra
d:\experiments\diffusion_models\data\processed\extra-gs-resized\407.jpg,extra
d:\experiments\diffusion_models\data\processed\extra-gs-resized\408.jpg,extra
d:\experiments\diffusion_models\data\processed\extra-gs-resized\409.jpg,extra
d:\experiments\diffusion_models\data\processed\extra-gs-resized\41.jpg,extra
d:\experiments\diffusion_models\data\processed\extra-gs-resized\410.jpg,extra
d:\experiments\diffusion_models\data\processed\extra-gs-resized\411.jpg,extra
d:\experiments\diffusion_models\data\processed\extra-gs-resized\412.jpg,extra
d:\experiments\diffusion_models\data\processed\extra-gs-resized\413.jpg,extra
d:\experiments\diffusion_models\data\processed\extra-gs-resized\414.jpg,extra
d:\experiments\diffusion_models\data\processed\extra-gs-resized\415.jpeg,extra
d:\experiments\diffusion_models\data\processed\extra-gs-resized\415.jpg,extra
d:\experiments\diffusion_models\data\processed\extra-gs-resized\416.jpg,extra
d:\experiments\diffusion_models\data\processed\extra-gs-resized\417.jpg,extra
d:\experiments\diffusion_models\data\processed\extra-gs-resized\418.jpg,extra
d:\experiments\diffusion_models\data\processed\extra-gs-resized\419.jpg,extra
d:\experiments\diffusion_models\data\processed\extra-gs-resized\42.jpg,extra
d:\experiments\diffusion_models\data\processed\extra-gs-resized\420.jpg,extra
d:\experiments\diffusion_models\data\processed\extra-gs-resized\421.jpg,extra
d:\experiments\diffusion_models\data\processed\extra-gs-resized\422.jpg,extra
d:\experiments\diffusion_models\data\processed\extra-gs-resized\423.jpg,extra
d:\experiments\diffusion_models\data\processed\extra-gs-resized\424.jpg,extra
d:\experiments\diffusion_models\data\processed\extra-gs-resized\425.jpg,extra
d:\experiments\diffusion_models\data\processed\extra-gs-resized\426.jpg,extra
d:\experiments\diffusion_models\data\processed\extra-gs-resized\427.jpg,extra
d:\experiments\diffusion_models\data\processed\extra-gs-resized\428.jpg,extra
d:\experiments\diffusion_models\data\processed\extra-gs-resized\429.jpg,extra
d:\experiments\diffusion_models\data\processed\extra-gs-resized\43.jpg,extra
d:\experiments\diffusion_models\data\processed\extra-gs-resized\430.jpg,extra
d:\experiments\diffusion_models\data\processed\extra-gs-resized\431.jpeg,extra
d:\experiments\diffusion_models\data\processed\extra-gs-resized\432.JPG,extra
d:\experiments\diffusion_models\data\processed\extra-gs-resized\433.jpg,extra
d:\experiments\diffusion_models\data\processed\extra-gs-resized\435.jpeg,extra
d:\experiments\diffusion_models\data\processed\extra-gs-resized\435.jpg,extra
d:\experiments\diffusion_models\data\processed\extra-gs-resized\436.jpg,extra
d:\experiments\diffusion_models\data\processed\extra-gs-resized\437.jpg,extra
d:\experiments\diffusion_models\data\processed\extra-gs-resized\438.jpeg,extra
d:\experiments\diffusion_models\data\processed\extra-gs-resized\438.jpg,extra
d:\experiments\diffusion_models\data\processed\extra-gs-resized\439.jpeg,extra
d:\experiments\diffusion_models\data\processed\extra-gs-resized\439.jpg,extra
d:\experiments\diffusion_models\data\processed\extra-gs-resized\44.jpg,extra
d:\experiments\diffusion_models\data\processed\extra-gs-resized\440.jpg,extra
d:\experiments\diffusion_models\data\processed\extra-gs-resized\441.jpg,extra
d:\experiments\diffusion_models\data\processed\extra-gs-resized\442.jpg,extra
d:\experiments\diffusion_models\data\processed\extra-gs-resized\443.jpg,extra
d:\experiments\diffusion_models\data\processed\extra-gs-resized\444.jpg,extra
d:\experiments\diffusion_models\data\processed\extra-gs-resized\445.jpg,extra
d:\experiments\diffusion_models\data\processed\extra-gs-resized\446.jpg,extra
d:\experiments\diffusion_models\data\processed\extra-gs-resized\447.jpg,extra
d:\experiments\diffusion_models\data\processed\extra-gs-resized\448.jpg,extra
d:\experiments\diffusion_models\data\processed\extra-gs-resized\449.jpg,extra
d:\experiments\diffusion_models\data\processed\extra-gs-resized\45.jpg,extra
d:\experiments\diffusion_models\data\processed\extra-gs-resized\450.jpg,extra
d:\experiments\diffusion_models\data\processed\extra-gs-resized\451.jpeg,extra
d:\experiments\diffusion_models\data\processed\extra-gs-resized\451.jpg,extra
d:\experiments\diffusion_models\data\processed\extra-gs-resized\452.jpg,extra
d:\experiments\diffusion_models\data\processed\extra-gs-resized\454.jpg,extra
d:\experiments\diffusion_models\data\processed\extra-gs-resized\455.png,extra
d:\experiments\diffusion_models\data\processed\extra-gs-resized\456.jpg,extra
d:\experiments\diffusion_models\data\processed\extra-gs-resized\457.jpg,extra
d:\experiments\diffusion_models\data\processed\extra-gs-resized\458.jpg,extra
d:\experiments\diffusion_models\data\processed\extra-gs-resized\459.jpg,extra
d:\experiments\diffusion_models\data\processed\extra-gs-resized\46.jpg,extra
d:\experiments\diffusion_models\data\processed\extra-gs-resized\460.jpg,extra
d:\experiments\diffusion_models\data\processed\extra-gs-resized\461.jpg,extra
d:\experiments\diffusion_models\data\processed\extra-gs-resized\462.jpg,extra
d:\experiments\diffusion_models\data\processed\extra-gs-resized\463.jpg,extra
d:\experiments\diffusion_models\data\processed\extra-gs-resized\464.png,extra
d:\experiments\diffusion_models\data\processed\extra-gs-resized\465.png,extra
d:\experiments\diffusion_models\data\processed\extra-gs-resized\466.jpg,extra
d:\experiments\diffusion_models\data\processed\extra-gs-resized\468.jpg,extra
d:\experiments\diffusion_models\data\processed\extra-gs-resized\469.jpg,extra
d:\experiments\diffusion_models\data\processed\extra-gs-resized\47.jpg,extra
d:\experiments\diffusion_models\data\processed\extra-gs-resized\470.jpg,extra
d:\experiments\diffusion_models\data\processed\extra-gs-resized\471.JPG,extra
d:\experiments\diffusion_models\data\processed\extra-gs-resized\472.jpeg,extra
d:\experiments\diffusion_models\data\processed\extra-gs-resized\473.jpg,extra
d:\experiments\diffusion_models\data\processed\extra-gs-resized\474.jpg,extra
d:\experiments\diffusion_models\data\processed\extra-gs-resized\475.jpg,extra
d:\experiments\diffusion_models\data\processed\extra-gs-resized\476.jpg,extra
d:\experiments\diffusion_models\data\processed\extra-gs-resized\477.jpg,extra
d:\experiments\diffusion_models\data\processed\extra-gs-resized\478.jpeg,extra
d:\experiments\diffusion_models\data\processed\extra-gs-resized\479.jpg,extra
d:\experiments\diffusion_models\data\processed\extra-gs-resized\48.jpg,extra
d:\experiments\diffusion_models\data\processed\extra-gs-resized\480.jpg,extra
d:\experiments\diffusion_models\data\processed\extra-gs-resized\481.jpg,extra
d:\experiments\diffusion_models\data\processed\extra-gs-resized\482.jpg,extra
d:\experiments\diffusion_models\data\processed\extra-gs-resized\483.jpg,extra
d:\experiments\diffusion_models\data\processed\extra-gs-resized\484.jpg,extra
d:\experiments\diffusion_models\data\processed\extra-gs-resized\49.jpg,extra
d:\experiments\diffusion_models\data\processed\extra-gs-resized\5.jpg,extra
d:\experiments\diffusion_models\data\processed\extra-gs-resized\50.jpg,extra
d:\experiments\diffusion_models\data\processed\extra-gs-resized\51.jpeg,extra
d:\experiments\diffusion_models\data\processed\extra-gs-resized\52.jpg,extra
d:\experiments\diffusion_models\data\processed\extra-gs-resized\53.jpg,extra
d:\experiments\diffusion_models\data\processed\extra-gs-resized\54.jpeg,extra
d:\experiments\diffusion_models\data\processed\extra-gs-resized\54.jpg,extra
d:\experiments\diffusion_models\data\processed\extra-gs-resized\55.jpg,extra
d:\experiments\diffusion_models\data\processed\extra-gs-resized\56.jpg,extra
d:\experiments\diffusion_models\data\processed\extra-gs-resized\57.jpg,extra
d:\experiments\diffusion_models\data\processed\extra-gs-resized\58.jpg,extra
d:\experiments\diffusion_models\data\processed\extra-gs-resized\59.jpg,extra
d:\experiments\diffusion_models\data\processed\extra-gs-resized\6.jpg,extra
d:\experiments\diffusion_models\data\processed\extra-gs-resized\60.jpg,extra
d:\experiments\diffusion_models\data\processed\extra-gs-resized\61.jpg,extra
d:\experiments\diffusion_models\data\processed\extra-gs-resized\62.jpg,extra
d:\experiments\diffusion_models\data\processed\extra-gs-resized\63.jpg,extra
d:\experiments\diffusion_models\data\processed\extra-gs-resized\64.jpg,extra
d:\experiments\diffusion_models\data\processed\extra-gs-resized\65.jpg,extra
d:\experiments\diffusion_models\data\processed\extra-gs-resized\66.jpg,extra
d:\experiments\diffusion_models\data\processed\extra-gs-resized\67.jpg,extra
d:\experiments\diffusion_models\data\processed\extra-gs-resized\68.jpg,extra
d:\experiments\diffusion_models\data\processed\extra-gs-resized\69.jpeg,extra
d:\experiments\diffusion_models\data\processed\extra-gs-resized\69.jpg,extra
d:\experiments\diffusion_models\data\processed\extra-gs-resized\7.jpg,extra
d:\experiments\diffusion_models\data\processed\extra-gs-resized\70.jpg,extra
d:\experiments\diffusion_models\data\processed\extra-gs-resized\71.jpeg,extra
d:\experiments\diffusion_models\data\processed\extra-gs-resized\71.jpg,extra
d:\experiments\diffusion_models\data\processed\extra-gs-resized\74.jpg,extra
d:\experiments\diffusion_models\data\processed\extra-gs-resized\75.jpg,extra
d:\experiments\diffusion_models\data\processed\extra-gs-resized\76.jpg,extra
d:\experiments\diffusion_models\data\processed\extra-gs-resized\77.jpeg,extra
d:\experiments\diffusion_models\data\processed\extra-gs-resized\77.jpg,extra
d:\experiments\diffusion_models\data\processed\extra-gs-resized\78.jpg,extra
d:\experiments\diffusion_models\data\processed\extra-gs-resized\79.jpg,extra
d:\experiments\diffusion_models\data\processed\extra-gs-resized\8.jpg,extra
d:\experiments\diffusion_models\data\processed\extra-gs-resized\80.jpg,extra
d:\experiments\diffusion_models\data\processed\extra-gs-resized\81.jpg,extra
d:\experiments\diffusion_models\data\processed\extra-gs-resized\82.jpg,extra
d:\experiments\diffusion_models\data\processed\extra-gs-resized\83.jpg,extra
d:\experiments\diffusion_models\data\processed\extra-gs-resized\84.jpg,extra
d:\experiments\diffusion_models\data\processed\extra-gs-resized\86.jpg,extra
d:\experiments\diffusion_models\data\processed\extra-gs-resized\87.jpg,extra
d:\experiments\diffusion_models\data\processed\extra-gs-resized\88.jpg,extra
d:\experiments\diffusion_models\data\processed\extra-gs-resized\89.jpeg,extra
d:\experiments\diffusion_models\data\processed\extra-gs-resized\89.jpg,extra
d:\experiments\diffusion_models\data\processed\extra-gs-resized\9.jpg,extra
d:\experiments\diffusion_models\data\processed\extra-gs-resized\90.jpg,extra
d:\experiments\diffusion_models\data\processed\extra-gs-resized\91.jpg,extra
d:\experiments\diffusion_models\data\processed\extra-gs-resized\92.jpg,extra
d:\experiments\diffusion_models\data\processed\extra-gs-resized\93.jpg,extra
d:\experiments\diffusion_models\data\processed\extra-gs-resized\94.JPEG,extra
d:\experiments\diffusion_models\data\processed\extra-gs-resized\95.jpeg,extra
d:\experiments\diffusion_models\data\processed\extra-gs-resized\95.jpg,extra
d:\experiments\diffusion_models\data\processed\extra-gs-resized\96.jpg,extra
d:\experiments\diffusion_models\data\processed\extra-gs-resized\97.jpg,extra
d:\experiments\diffusion_models\data\processed\extra-gs-resized\98.jpg,extra
d:\experiments\diffusion_models\data\processed\extra-gs-resized\99.jpg,extra
